{"cameraMode":{"drawMode":0,"name":"Shaded","section":"Shading Mode"},"sceneLighting":true,"audioPlay":false,"sceneViewState":{"showFog":true,"showMaterialUpdate":false,"showSkybox":true,"showFlares":true,"showImageEffects":true,"showParticleSystems":true},"in2DMode":false,"pivot":{"x":1047.5938720703125,"y":423.5545654296875,"z":49.4599609375},"rotation":{"x":-0.03477336838841438,"y":0.9647311568260193,"z":-0.19958145916461945,"w":-0.16808676719665528},"size":2090.9091796875,"orthographic":false}